fecha_captura,torneo,Pos.,Equipo,Pts.,PJ,PG,PE,PP,GF,GC,Dif.
2026-10-05,Primera Argentina 2026,1.º,Independiente Rivadavia,52,27,15,7,5,44,29,15
2026-10-05,Primera Argentina 2026,2.º,Boca Juniors,50,27,13,11,3,39,20,19
2026-10-05,Primera Argentina 2026,3.º,Argentinos Juniors,50,27,14,8,5,32,23,9
2026-10-05,Primera Argentina 2026,4.º,Vélez Sarsfield,48,26,12,12,2,33,21,12
2026-10-05,Primera Argentina 2026,5.º,Instituto,46,27,14,4,9,34,25,9
2026-10-05,Primera Argentina 2026,6.º,Rosario Central,46,26,13,7,6,31,24,7
2026-10-05,Primera Argentina 2026,7.º,Belgrano [n. 1],45,27,12,9,6,29,20,9
2026-10-05,Primera Argentina 2026,8.º,Gimnasia y Esgrima (LP),44,27,13,5,9,35,35,0
2026-10-05,Primera Argentina 2026,9.º,River Plate,42,26,13,3,10,35,24,11
2026-10-05,Primera Argentina 2026,10.º,Estudiantes (LP),41,26,12,5,9,29,18,11
2026-10-05,Primera Argentina 2026,11.º,Lanús,41,27,11,8,8,31,24,7
2026-10-05,Primera Argentina 2026,12.º,Huracán,41,27,10,11,6,28,21,7
2026-10-05,Primera Argentina 2026,13.º,Independiente,41,27,11,8,8,35,32,3
2026-10-05,Primera Argentina 2026,14.º,Defensa y Justicia,40,27,10,10,7,34,32,2
2026-10-05,Primera Argentina 2026,15.º,Barracas Central,36,27,9,9,9,23,24,−1
2026-10-05,Primera Argentina 2026,16.º,Gimnasia y Esgrima (M),36,26,10,6,10,28,31,−3
2026-10-05,Primera Argentina 2026,17.º,Sarmiento (J),35,26,11,2,13,30,36,−6
2026-10-05,Primera Argentina 2026,18.º,Unión,34,27,9,7,11,41,39,2
2026-10-05,Primera Argentina 2026,19.º,Talleres (C),34,27,9,7,11,28,31,−3
2026-10-05,Primera Argentina 2026,20.º,San Lorenzo,33,27,8,9,10,18,25,−7
2026-10-05,Primera Argentina 2026,21.º,Tigre,32,27,7,11,9,28,26,2
2026-10-05,Primera Argentina 2026,22.º,Racing Club,32,27,8,8,11,30,32,−2
2026-10-05,Primera Argentina 2026,23.º,Newell's Old Boys,32,27,7,11,9,26,35,−9
2026-10-05,Primera Argentina 2026,24.º,Atlético Tucumán,27,27,6,9,12,24,29,−5
2026-10-05,Primera Argentina 2026,25.º,Banfield,27,26,7,6,13,27,35,−8
2026-10-05,Primera Argentina 2026,26.º,Platense,25,26,5,10,11,19,30,−11
2026-10-05,Primera Argentina 2026,27.º,Central Córdoba (SdE),24,26,6,6,14,18,34,−16
2026-10-05,Primera Argentina 2026,28.º,Deportivo Riestra,21,26,3,12,11,13,22,−9
2026-10-05,Primera Argentina 2026,29.º,Aldosivi,16,27,2,10,15,18,36,−18
2026-10-05,Primera Argentina 2026,30.º,Estudiantes (RC),11,27,2,5,20,11,39,−28
