fecha_captura,torneo,Pos.,Equipo,Pts.,PJ,G,E,P,GF,GC,Dif.,Clasificación 2027,Zona
2026-10-08,Brasileirao 2026,1,Flamengo,60,28,18,6,4,55,23,+32,Fase de grupos de la Copa Libertadores,Libertadores/Champions
2026-10-08,Brasileirao 2026,2,Palmeiras,57,28,16,9,3,47,21,+26,Fase de grupos de la Copa Libertadores,Libertadores/Champions
2026-10-08,Brasileirao 2026,3,Athletico Paranaense,49,28,14,7,7,43,32,+11,Fase de grupos de la Copa Libertadores,Libertadores/Champions
2026-10-08,Brasileirao 2026,4,Cruzeiro,48,29,14,6,9,44,40,+4,Fase de grupos de la Copa Libertadores,Libertadores/Champions
2026-10-08,Brasileirao 2026,5,Fluminense,48,28,13,9,6,44,36,+8,Segunda ronda clasificatoria de la Copa Libertadores,Internacional
2026-10-08,Brasileirao 2026,6,Bahia,46,28,12,10,6,43,35,+8,Fase de grupos de la Copa Sudamericana,Internacional
2026-10-08,Brasileirao 2026,7,Atlético Mineiro,43,28,12,7,9,37,32,+5,Fase de grupos de la Copa Sudamericana,Zona media
2026-10-08,Brasileirao 2026,8,Santos,41,28,11,8,9,43,41,+2,Fase de grupos de la Copa Sudamericana,Zona media
2026-10-08,Brasileirao 2026,9,Coritiba,38,28,10,8,10,37,43,−6,Fase de grupos de la Copa Sudamericana,Zona media
2026-10-08,Brasileirao 2026,10,Bragantino,37,29,10,7,12,34,33,+1,Fase de grupos de la Copa Sudamericana,Zona media
2026-10-08,Brasileirao 2026,11,São Paulo,36,29,10,6,13,33,34,−1,Fase de grupos de la Copa Sudamericana,Zona media
2026-10-08,Brasileirao 2026,12,Vitória,36,29,10,6,13,32,42,−10,,Zona media
2026-10-08,Brasileirao 2026,13,Botafogo,35,29,9,8,12,42,47,−5,,Zona media
2026-10-08,Brasileirao 2026,14,Vasco da Gama,34,28,9,7,12,36,42,−6,,Zona media
2026-10-08,Brasileirao 2026,15,Mirassol,33,29,8,9,12,34,43,−9,,Zona media
2026-10-08,Brasileirao 2026,16,Corinthians,32,29,8,8,13,30,34,−4,,Zona media
2026-10-08,Brasileirao 2026,17,Internacional,31,29,7,10,12,32,37,−5,Descenso a la Brasileirão Superbet,Zona media
2026-10-08,Brasileirao 2026,18,Grêmio,30,29,7,9,13,31,39,−8,Descenso a la Brasileirão Superbet,Zona media
2026-10-08,Brasileirao 2026,19,Remo,24,29,5,9,15,33,48,−15,Descenso a la Brasileirão Superbet,Descenso
2026-10-08,Brasileirao 2026,20,Chapecoense,18,28,3,9,16,29,57,−28,Descenso a la Brasileirão Superbet,Descenso
